{
    "name": "root",
    "metadata": {
        "timer_format_version": "0.1.0",
        "start_time_seconds": "1594153211",
        "python_version": "3.8.3 (tags/v3.8.3:6f8c832, May 13 2020, 22:37:02) [MSC v.1924 64 bit (AMD64)]",
        "command_line_arguments": "C:\\Users\\chinhui\\AppData\\Local\\Programs\\Python\\Python38\\Scripts\\mlagents-learn config/ppo/player.yaml --run-id=first3DBallRun",
        "mlagents_version": "0.17.0",
        "mlagents_envs_version": "0.17.0",
        "communication_protocol_version": "1.0.0",
        "tensorflow_version": "2.3.0-dev20200612",
        "end_time_seconds": "1594153304"
    },
    "total": 92.3430422,
    "count": 1,
    "self": 0.007674299999990808,
    "children": {
        "run_training.setup": {
            "total": 0.007572799999999713,
            "count": 1,
            "self": 0.007572799999999713
        },
        "TrainerController.start_learning": {
            "total": 92.3277951,
            "count": 1,
            "self": 4.326302899999632,
            "children": {
                "TrainerController._reset_env": {
                    "total": 8.5187533,
                    "count": 1,
                    "self": 8.5187533
                },
                "TrainerController.advance": {
                    "total": 78.16458460000038,
                    "count": 10493,
                    "self": 0.10054629999973486,
                    "children": {
                        "env_step": {
                            "total": 78.06403830000065,
                            "count": 10493,
                            "self": 72.43328520000073,
                            "children": {
                                "SubprocessEnvManager._take_step": {
                                    "total": 5.5100618999997835,
                                    "count": 10493,
                                    "self": 0.25640469999995474,
                                    "children": {
                                        "NNPolicy.evaluate": {
                                            "total": 5.253657199999829,
                                            "count": 10304,
                                            "self": 5.253657199999829
                                        }
                                    }
                                },
                                "workers": {
                                    "total": 0.12069120000013633,
                                    "count": 10492,
                                    "self": 0.0,
                                    "children": {
                                        "worker_root": {
                                            "total": 81.73399790000049,
                                            "count": 10492,
                                            "is_parallel": true,
                                            "self": 19.055826200000574,
                                            "children": {
                                                "steps_from_proto": {
                                                    "total": 0.00023090000000003386,
                                                    "count": 1,
                                                    "is_parallel": true,
                                                    "self": 8.200000000080365e-05,
                                                    "children": {
                                                        "_process_vector_observation": {
                                                            "total": 0.0001488999999992302,
                                                            "count": 2,
                                                            "is_parallel": true,
                                                            "self": 0.0001488999999992302
                                                        }
                                                    }
                                                },
                                                "UnityEnvironment.step": {
                                                    "total": 62.67794079999992,
                                                    "count": 10492,
                                                    "is_parallel": true,
                                                    "self": 0.609294999999193,
                                                    "children": {
                                                        "UnityEnvironment._generate_step_input": {
                                                            "total": 1.1608057000004486,
                                                            "count": 10492,
                                                            "is_parallel": true,
                                                            "self": 1.1608057000004486
                                                        },
                                                        "communicator.exchange": {
                                                            "total": 59.34477360000041,
                                                            "count": 10492,
                                                            "is_parallel": true,
                                                            "self": 59.34477360000041
                                                        },
                                                        "steps_from_proto": {
                                                            "total": 1.5630664999998647,
                                                            "count": 10492,
                                                            "is_parallel": true,
                                                            "self": 0.6675978000006815,
                                                            "children": {
                                                                "_process_vector_observation": {
                                                                    "total": 0.8954686999991832,
                                                                    "count": 20984,
                                                                    "is_parallel": true,
                                                                    "self": 0.8954686999991832
                                                                }
                                                            }
                                                        }
                                                    }
                                                }
                                            }
                                        }
                                    }
                                }
                            }
                        }
                    }
                },
                "trainer_threads": {
                    "total": 2.089999999554948e-05,
                    "count": 1,
                    "self": 2.089999999554948e-05,
                    "children": {
                        "thread_root": {
                            "total": 0.0,
                            "count": 0,
                            "is_parallel": true,
                            "self": 0.0,
                            "children": {
                                "trainer_advance": {
                                    "total": 80.14624250000134,
                                    "count": 39405,
                                    "is_parallel": true,
                                    "self": 1.1375905000001154,
                                    "children": {
                                        "process_trajectory": {
                                            "total": 77.70134520000121,
                                            "count": 39405,
                                            "is_parallel": true,