{
    "name": "root",
    "metadata": {
        "timer_format_version": "0.1.0",
        "start_time_seconds": "1594308822",
        "python_version": "3.8.3 (tags/v3.8.3:6f8c832, May 13 2020, 22:37:02) [MSC v.1924 64 bit (AMD64)]",
        "command_line_arguments": "C:\\Users\\chinhui\\AppData\\Local\\Programs\\Python\\Python38\\Scripts\\mlagents-learn config/ppo/player.yaml --run-id=MovementTest --time-scale=10",
        "mlagents_version": "0.17.0",
        "mlagents_envs_version": "0.17.0",
        "communication_protocol_version": "1.0.0",
        "tensorflow_version": "2.2.0",
        "end_time_seconds": "1594308855"
    },
    "total": 32.7885495,
    "count": 1,
    "self": 0.00483719999999721,
    "children": {
        "run_training.setup": {
            "total": 0.007461799999999741,
            "count": 1,
            "self": 0.007461799999999741
        },
        "TrainerController.start_learning": {
            "total": 32.7762505,
            "count": 1,
            "self": 2.0535965000000616,
            "children": {
                "TrainerController._reset_env": {
                    "total": 8.393516199999999,
                    "count": 1,
                    "self": 8.393516199999999
                },
                "TrainerController.advance": {
                    "total": 21.01197649999995,
                    "count": 1047,
                    "self": 0.010448699999901834,
                    "children": {
                        "env_step": {
                            "total": 21.001527800000048,
                            "count": 1047,
                            "self": 20.29082050000001,
                            "children": {
                                "SubprocessEnvManager._take_step": {
                                    "total": 0.6980787999999709,
                                    "count": 1047,
                                    "self": 0.03240099999988644,
                                    "children": {
                                        "NNPolicy.evaluate": {
                                            "total": 0.6656778000000845,
                                            "count": 1046,
                                            "self": 0.6656778000000845
                                        }
                                    }
                                },
                                "workers": {
                                    "total": 0.01262850000006921,
                                    "count": 1046,
                                    "self": 0.0,
                                    "children": {
                                        "worker_root": {
                                            "total": 22.58711279999997,
                                            "count": 1046,
                                            "is_parallel": true,
                                            "self": 3.4227557999999547,
                                            "children": {
                                                "steps_from_proto": {
                                                    "total": 0.00033389999999933195,
                                                    "count": 1,
                                                    "is_parallel": true,
                                                    "self": 9.590000000159193e-05,
                                                    "children": {
                                                        "_process_vector_observation": {
                                                            "total": 0.00023799999999774002,
                                                            "count": 2,
                                                            "is_parallel": true,
                                                            "self": 0.00023799999999774002
                                                        }
                                                    }
                                                },
                                                "UnityEnvironment.step": {
                                                    "total": 19.164023100000016,
                                                    "count": 1046,
                                                    "is_parallel": true,
                                                    "self": 0.07476269999995822,
                                                    "children": {
                                                        "UnityEnvironment._generate_step_input": {
                                                            "total": 0.3123668999999918,
                                                            "count": 1046,
                                                            "is_parallel": true,
                                                            "self": 0.3123668999999918
                                                        },
                                                        "communicator.exchange": {
                                                            "total": 18.55761910000008,
                                                            "count": 1046,
                                                            "is_parallel": true,
                                                            "self": 18.55761910000008
                                                        },
                                                        "steps_from_proto": {
                                                            "total": 0.21927439999998732,
                                                            "count": 1046,
                                                            "is_parallel": true,
                                                            "self": 0.07743719999999676,
                                                            "children": {
                                                                "_process_vector_observation": {
                                                                    "total": 0.14183719999999056,
                                                                    "count": 2092,
                                                                    "is_parallel": true,
                                                                    "self": 0.14183719999999056
                                                                }
                                                            }
                                                        }
                                                    }
                                                }
                                            }
                                        }
                                    }
                                }
                            }
                        }
                    }
                },
                "trainer_threads": {
                    "total": 1.3899999999011925e-05,
                    "count": 1,
                    "self": 1.3899999999011925e-05,
                    "children": {
                        "thread_root": {
                            "total": 0.0,
                            "count": 0,
                            "is_parallel": true,
                            "self": 0.0,
                            "children": {
                                "trainer_advance": {
                                    "total": 21.098907099999867,
                                    "count": 10088,
                                    "is_parallel": true,
                                    "self": 0.31518109999990784,
                                    "children": {
                                        "process_trajectory": {
                                            "total": 20.78372599999996,
                                            "count": 10088,