{
    "name": "root",
    "gauges": {
        "PlayerBehaviour.Policy.Entropy.mean": {
            "value": 1.4360846281051636,
            "min": 1.4360846281051636,
            "max": 1.4626442193984985,
            "count": 49
        },
        "PlayerBehaviour.Environment.EpisodeLength.mean": {
            "value": 352.3050847457627,
            "min": 50.0,
            "max": 456.69767441860466,
            "count": 49
        },
        "PlayerBehaviour.Policy.ExtrinsicValueEstimate.mean": {
            "value": 0.4276062846183777,
            "min": -0.12111714482307434,
            "max": 1.1236158609390259,
            "count": 49
        },
        "PlayerBehaviour.IsTraining.mean": {
            "value": 1.0,
            "min": 1.0,
            "max": 1.0,
            "count": 49
        },
        "PlayerBehaviour.Self-play.ELO.mean": {
            "value": 1220.851867003239,
            "min": 1198.5702159880661,
            "max": 1227.3415922646743,
            "count": 46
        },
        "PlayerBehaviour.Environment.CumulativeReward.mean": {
            "value": -0.5778666171090057,
            "min": -3.403866406685362,
            "max": 5.440199961373582,
            "count": 48
        },
        "PlayerBehaviour.Policy.ExtrinsicReward.mean": {
            "value": -0.5778666171090057,
            "min": -3.403866406685362,
            "max": 5.440199961373582,
            "count": 48
        },
        "PlayerBehaviour.Losses.ValueLoss.mean": {
            "value": 0.01204935647547245,
            "min": 0.008208245038986206,
            "max": 1.7620857954025269,
            "count": 46
        },
        "PlayerBehaviour.Losses.PolicyLoss.mean": {
            "value": 0.01802642270922661,
            "min": 0.016064206138253212,
            "max": 0.03266333043575287,
            "count": 46
        },
        "PlayerBehaviour.Policy.LearningRate.mean": {
            "value": 0.00023586432507727295,
            "min": 0.00023586432507727295,
            "max": 0.0002499137772247195,
            "count": 46
        },
        "PlayerBehaviour.Policy.Epsilon.mean": {
            "value": 0.17862138152122498,
            "min": 0.17862138152122498,
            "max": 0.18330462276935577,
            "count": 46
        },
        "PlayerBehaviour.Policy.Beta.mean": {
            "value": 0.00393320806324482,
            "min": 0.00393320806324482,
            "max": 0.004166898783296347,
            "count": 46
        }
    },
    "metadata": {
        "timer_format_version": "0.1.0",
        "start_time_seconds": "1594805665",
        "python_version": "3.8.3 (tags/v3.8.3:6f8c832, May 13 2020, 22:37:02) [MSC v.1924 64 bit (AMD64)]",
        "command_line_arguments": "C:\\Users\\Owner\\AppData\\Local\\Programs\\Python\\Python38\\Scripts\\mlagents-learn config/ppo/player.yaml --run-id=IncreaseDeathReward --time-scale=1 --resume",
        "mlagents_version": "0.17.0",
        "mlagents_envs_version": "0.17.0",
        "communication_protocol_version": "1.0.0",
        "tensorflow_version": "2.2.0",
        "end_time_seconds": "1594809517"
    },
    "total": 3851.128998,
    "count": 1,
    "self": 0.00452930000028573,
    "children": {
        "run_training.setup": {
            "total": 0.006926100000000268,
            "count": 1,
            "self": 0.006926100000000268
        },
        "TrainerController.start_learning": {
            "total": 3851.1175426,
            "count": 1,
            "self": 23.29416640003228,
            "children": {
                "TrainerController._reset_env": {
                    "total": 14.975578700000437,
                    "count": 4,
                    "self": 14.975578700000437
                },
                "TrainerController.advance": {
                    "total": 3810.541872399967,
                    "count": 34569,
                    "self": 0.40668090000099255,
                    "children": {
                        "env_step": {
                            "total": 3810.135191499966,
                            "count": 34569,
                            "self": 3713.7773090999412,
                            "children": {
                                "SubprocessEnvManager._take_step": {
                                    "total": 95.91834699998788,
                                    "count": 34569,
                                    "self": 2.6112309999655707,
                                    "children": {
                                        "NNPolicy.evaluate": {
                                            "total": 93.3071160000223,
                                            "count": 65444,
                                            "self": 93.3071160000223
                                        }
                                    }
                                },
                                "workers": {
                                    "total": 0.439535400037002,
                                    "count": 34568,
                                    "self": 0.0,
                                    "children": {
                                        "worker_root": {
                                            "total": 3831.982629399986,
                                            "count": 34568,
                                            "is_parallel": true,
                                            "self": 194.69744009993792,
                                            "children": {
                                                "steps_from_proto": {
                                                    "total": 0.0020519000007475086,
                                                    "count": 8,
                                                    "is_parallel": true,
                                                    "self": 0.0005873999999472801,
                                                    "children": {
                                                        "_process_vector_observation": {
                                                            "total": 0.0014645000008002285,
                                                            "count": 16,
                                                            "is_parallel": true,
                                                            "self": 0.0014645000008002285
                                                        }
                                                    }
                                                },
                                                "UnityEnvironment.step": {
                                                    "total": 3637.283137400047,
                                                    "count": 34568,
                                                    "is_parallel": true,
                                                    "self": 3.6147091001103036,
                                                    "children": {
                                                        "UnityEnvironment._generate_step_input": {
                                                            "total": 25.542457099992298,
                                                            "count": 34568,
                                                            "is_parallel": true,
                                                            "self": 25.542457099992298
                                                        },
                                                        "communicator.exchange": {
                                                            "total": 3592.388051199974,
                                                            "count": 34568,
                                                            "is_parallel": true,
                                                            "self": 3592.388051199974
                                                        },