{
    "name": "root",
    "gauges": {
        "PlayerBehaviour.Policy.Entropy.mean": {
            "value": 1.4484517574310303,
            "min": 1.4335968494415283,
            "max": 1.4526252746582031,
            "count": 73
        },
        "PlayerBehaviour.Policy.ExtrinsicValueEstimate.mean": {
            "value": 0.3493551015853882,
            "min": -0.10877324640750885,
            "max": 0.7629883289337158,
            "count": 73
        },
        "PlayerBehaviour.IsTraining.mean": {
            "value": 1.0,
            "min": 1.0,
            "max": 1.0,
            "count": 73
        },
        "PlayerBehaviour.Environment.EpisodeLength.mean": {
            "value": 477.0238095238095,
            "min": 222.3939393939394,
            "max": 602.8285714285714,
            "count": 72
        },
        "PlayerBehaviour.Self-play.ELO.mean": {
            "value": 1218.3301176939033,
            "min": 1193.0054582541234,
            "max": 1227.091939077935,
            "count": 69
        },
        "PlayerBehaviour.Environment.CumulativeReward.mean": {
            "value": -0.7806000484076018,
            "min": -1.883733412452663,
            "max": 7.105481264664343,
            "count": 71
        },
        "PlayerBehaviour.Policy.ExtrinsicReward.mean": {
            "value": -0.7806000484076018,
            "min": -1.883733412452663,
            "max": 7.105481264664343,
            "count": 71
        },
        "PlayerBehaviour.Losses.ValueLoss.mean": {
            "value": 0.008941033855080605,
            "min": 0.004105527885258198,
            "max": 1.5844472646713257,
            "count": 69
        },
        "PlayerBehaviour.Losses.PolicyLoss.mean": {
            "value": 0.024281296879053116,
            "min": 0.015104779973626137,
            "max": 0.03314392641186714,
            "count": 69
        },
        "PlayerBehaviour.Policy.LearningRate.mean": {
            "value": 0.00027463253354653716,
            "min": 0.00027463253354653716,
            "max": 0.00029580030241049826,
            "count": 69
        },
        "PlayerBehaviour.Policy.Epsilon.mean": {
            "value": 0.19154414534568787,
            "min": 0.19154414534568787,
            "max": 0.1986001431941986,
            "count": 69
        },
        "PlayerBehaviour.Policy.Beta.mean": {
            "value": 0.004578054416924715,
            "min": 0.004578054416924715,
            "max": 0.004930144175887108,
            "count": 69
        }
    },
    "metadata": {
        "timer_format_version": "0.1.0",
        "start_time_seconds": "1594772456",
        "python_version": "3.8.3 (tags/v3.8.3:6f8c832, May 13 2020, 22:37:02) [MSC v.1924 64 bit (AMD64)]",
        "command_line_arguments": "C:\\Users\\Owner\\AppData\\Local\\Programs\\Python\\Python38\\Scripts\\mlagents-learn config/ppo/player.yaml --run-id=IncreaseDeathReward --time-scale=1 --resume",
        "mlagents_version": "0.17.0",
        "mlagents_envs_version": "0.17.0",
        "communication_protocol_version": "1.0.0",
        "tensorflow_version": "2.2.0",
        "end_time_seconds": "1594778188"
    },
    "total": 5732.6148807,
    "count": 1,
    "self": 0.004408100000546256,
    "children": {
        "run_training.setup": {
            "total": 0.0068733999999999185,
            "count": 1,
            "self": 0.0068733999999999185
        },
        "TrainerController.start_learning": {
            "total": 5732.6035992,
            "count": 1,
            "self": 32.07842330004041,
            "children": {
                "TrainerController._reset_env": {
                    "total": 9.25037640000005,
                    "count": 5,
                    "self": 9.25037640000005
                },
                "TrainerController.advance": {
                    "total": 5689.05421649996,
                    "count": 49981,
                    "self": 0.5665537000841141,
                    "children": {
                        "env_step": {
                            "total": 5688.487662799876,
                            "count": 49981,
                            "self": 5546.61471319982,
                            "children": {
                                "SubprocessEnvManager._take_step": {
                                    "total": 141.2313228000482,
                                    "count": 49981,
                                    "self": 3.7935185000505953,
                                    "children": {
                                        "NNPolicy.evaluate": {
                                            "total": 137.4378042999976,
                                            "count": 96382,
                                            "self": 137.4378042999976
                                        }
                                    }
                                },
                                "workers": {
                                    "total": 0.6416268000075434,
                                    "count": 49980,
                                    "self": 0.0,
                                    "children": {
                                        "worker_root": {
                                            "total": 5654.76722670008,
                                            "count": 49980,
                                            "is_parallel": true,
                                            "self": 284.19847090002895,
                                            "children": {
                                                "steps_from_proto": {
                                                    "total": 0.00277139999993814,
                                                    "count": 10,
                                                    "is_parallel": true,
                                                    "self": 0.0008205999999972846,
                                                    "children": {
                                                        "_process_vector_observation": {
                                                            "total": 0.0019507999999408554,
                                                            "count": 20,
                                                            "is_parallel": true,
                                                            "self": 0.0019507999999408554
                                                        }
                                                    }
                                                },
                                                "UnityEnvironment.step": {
                                                    "total": 5370.565984400051,
                                                    "count": 49980,
                                                    "is_parallel": true,
                                                    "self": 5.42645090005135,
                                                    "children": {
                                                        "UnityEnvironment._generate_step_input": {
                                                            "total": 37.855379099962576,
                                                            "count": 49980,
                                                            "is_parallel": true,
                                                            "self": 37.855379099962576
                                                        },
                                                        "communicator.exchange": {
                                                            "total": 5304.1309854000465,
                                                            "count": 49980,
                                                            "is_parallel": true,
                                                            "self": 5304.1309854000465
                                                        },