{
    "name": "root",
    "metadata": {
        "timer_format_version": "0.1.0",
        "start_time_seconds": "1594375225",
        "python_version": "3.8.3 (tags/v3.8.3:6f8c832, May 13 2020, 22:37:02) [MSC v.1924 64 bit (AMD64)]",
        "command_line_arguments": "C:\\Users\\chinhui\\AppData\\Local\\Programs\\Python\\Python38\\Scripts\\mlagents-learn config/ppo/player.yaml --run-id=testRun --time-scale=10 --resume",
        "mlagents_version": "0.17.0",
        "mlagents_envs_version": "0.17.0",
        "communication_protocol_version": "1.0.0",
        "tensorflow_version": "2.2.0",
        "end_time_seconds": "1594375315"
    },
    "total": 89.4579541,
    "count": 1,
    "self": 0.005660700000007068,
    "children": {
        "run_training.setup": {
            "total": 0.00795760000000012,
            "count": 1,
            "self": 0.00795760000000012
        },
        "TrainerController.start_learning": {
            "total": 89.44433579999999,
            "count": 1,
            "self": 5.889322400000012,
            "children": {
                "TrainerController._reset_env": {
                    "total": 9.9012606,
                    "count": 2,
                    "self": 9.9012606
                },
                "TrainerController.advance": {
                    "total": 70.83399229999996,
                    "count": 3380,
                    "self": 0.03759250000015868,
                    "children": {
                        "env_step": {
                            "total": 70.7963997999998,
                            "count": 3380,
                            "self": 61.73007029999911,
                            "children": {
                                "SubprocessEnvManager._take_step": {
                                    "total": 9.024317600000291,
                                    "count": 3380,
                                    "self": 0.2236457000004748,
                                    "children": {
                                        "NNPolicy.evaluate": {
                                            "total": 8.800671899999816,
                                            "count": 6760,
                                            "self": 8.800671899999816
                                        }
                                    }
                                },
                                "workers": {
                                    "total": 0.04201190000039645,
                                    "count": 3379,
                                    "self": 0.0,
                                    "children": {
                                        "worker_root": {
                                            "total": 75.5867981000002,
                                            "count": 3379,
                                            "is_parallel": true,
                                            "self": 18.471304600000323,
                                            "children": {
                                                "steps_from_proto": {
                                                    "total": 0.0007292999999997107,
                                                    "count": 4,
                                                    "is_parallel": true,
                                                    "self": 0.0003132999999984065,
                                                    "children": {
                                                        "_process_vector_observation": {
                                                            "total": 0.0004160000000013042,
                                                            "count": 8,
                                                            "is_parallel": true,
                                                            "self": 0.0004160000000013042
                                                        }
                                                    }
                                                },
                                                "UnityEnvironment.step": {
                                                    "total": 57.11476419999987,
                                                    "count": 3379,
                                                    "is_parallel": true,
                                                    "self": 0.2596112000000801,
                                                    "children": {
                                                        "UnityEnvironment._generate_step_input": {
                                                            "total": 0.5986281000002336,
                                                            "count": 3379,
                                                            "is_parallel": true,
                                                            "self": 0.5986281000002336
                                                        },
                                                        "communicator.exchange": {
                                                            "total": 55.42711339999977,
                                                            "count": 3379,
                                                            "is_parallel": true,
                                                            "self": 55.42711339999977
                                                        },
                                                        "steps_from_proto": {
                                                            "total": 0.8294114999997824,
                                                            "count": 6758,
                                                            "is_parallel": true,
                                                            "self": 0.38545679999942273,
                                                            "children": {
                                                                "_process_vector_observation": {
                                                                    "total": 0.44395470000035964,
                                                                    "count": 13516,
                                                                    "is_parallel": true,
                                                                    "self": 0.44395470000035964
                                                                }
                                                            }
                                                        }
                                                    }
                                                }
                                            }
                                        }
                                    }
                                }
                            }
                        }
                    }
                },
                "trainer_threads": {
                    "total": 0.00018110000000604032,
                    "count": 1,
                    "self": 0.00018110000000604032,
                    "children": {
                        "thread_root": {
                            "total": 0.0,
                            "count": 0,
                            "is_parallel": true,
                            "self": 0.0,
                            "children": {
                                "trainer_advance": {
                                    "total": 72.15674409999981,
                                    "count": 16341,
                                    "is_parallel": true,
                                    "self": 45.631781599999265,
                                    "children": {
                                        "process_trajectory": {
                                            "total": 26.524962500000548,
                                            "count": 16341,
                                            "is_parallel": true,