{
    "name": "root",
    "gauges": {
        "PlayerBehaviour.Policy.Entropy.mean": {
            "value": 1.4297233819961548,
            "min": 1.424541711807251,
            "max": 1.430824637413025,
            "count": 10
        },
        "PlayerBehaviour.Policy.ExtrinsicValueEstimate.mean": {
            "value": -11.863356590270996,
            "min": -12.61644458770752,
            "max": 4.370676517486572,
            "count": 10
        },
        "PlayerBehaviour.Environment.EpisodeLength.mean": {
            "value": 520.9239130434783,
            "min": 260.80104712041884,
            "max": 520.9239130434783,
            "count": 10
        },
        "PlayerBehaviour.Environment.CumulativeReward.mean": {
            "value": -179.71072082821837,
            "min": -179.71072082821837,
            "max": -102.09505314529018,
            "count": 10
        },
        "PlayerBehaviour.Policy.ExtrinsicReward.mean": {
            "value": -179.71072082821837,
            "min": -179.71072082821837,
            "max": -102.09505314529018,
            "count": 10
        },
        "PlayerBehaviour.Losses.ValueLoss.mean": {
            "value": 21.261775970458984,
            "min": 20.21024513244629,
            "max": 59.55498504638672,
            "count": 10
        },
        "PlayerBehaviour.Losses.PolicyLoss.mean": {
            "value": 0.022529970854520798,
            "min": 0.022289831191301346,
            "max": 0.02728179097175598,
            "count": 10
        },
        "PlayerBehaviour.Policy.LearningRate.mean": {
            "value": 1.6449337636004202e-05,
            "min": 1.6449337636004202e-05,
            "max": 0.0002846001007128507,
            "count": 10
        },
        "PlayerBehaviour.Policy.Epsilon.mean": {
            "value": 0.10548307746648788,
            "min": 0.10548307746648788,
            "max": 0.19486670196056366,
            "count": 10
        },
        "PlayerBehaviour.Policy.Beta.mean": {
            "value": 0.0002836057683452964,
            "min": 0.0002836057683452964,
            "max": 0.0047438484616577625,
            "count": 10
        },
        "PlayerBehaviour.IsTraining.mean": {
            "value": 1.0,
            "min": 1.0,
            "max": 1.0,
            "count": 10
        }
    },
    "metadata": {
        "timer_format_version": "0.1.0",
        "start_time_seconds": "1594204987",
        "python_version": "3.8.3 (tags/v3.8.3:6f8c832, May 13 2020, 22:37:02) [MSC v.1924 64 bit (AMD64)]",
        "command_line_arguments": "C:\\Users\\chinhui\\AppData\\Local\\Programs\\Python\\Python38\\Scripts\\mlagents-learn config/ppo/player.yaml --run-id=playerTraining --force",
        "mlagents_version": "0.17.0",
        "mlagents_envs_version": "0.17.0",
        "communication_protocol_version": "1.0.0",
        "tensorflow_version": "2.3.0-dev20200612",
        "end_time_seconds": "1594208929"
    },
    "total": 3941.9482199,
    "count": 1,
    "self": 0.29068269999970653,
    "children": {
        "run_training.setup": {
            "total": 0.006828300000000009,
            "count": 1,
            "self": 0.006828300000000009
        },
        "TrainerController.start_learning": {
            "total": 3941.6507089,
            "count": 1,
            "self": 121.7534785999419,
            "children": {
                "TrainerController._reset_env": {
                    "total": 8.509965600000001,
                    "count": 1,
                    "self": 8.509965600000001
                },
                "TrainerController.advance": {
                    "total": 3810.191282600058,
                    "count": 501026,
                    "self": 4.683277599935991,
                    "children": {
                        "env_step": {
                            "total": 3805.508005000122,
                            "count": 501026,
                            "self": 3542.156881700151,
                            "children": {
                                "SubprocessEnvManager._take_step": {
                                    "total": 257.2929728000298,
                                    "count": 501026,
                                    "self": 12.018160100047623,
                                    "children": {
                                        "NNPolicy.evaluate": {
                                            "total": 245.2748126999822,
                                            "count": 500061,
                                            "self": 245.2748126999822
                                        }
                                    }
                                },
                                "workers": {
                                    "total": 6.058150499941144,
                                    "count": 501026,
                                    "self": 0.0,
                                    "children": {
                                        "worker_root": {
                                            "total": 3919.7060458999235,
                                            "count": 501026,
                                            "is_parallel": true,
                                            "self": 821.5213558999008,
                                            "children": {
                                                "steps_from_proto": {
                                                    "total": 0.00028619999999968115,
                                                    "count": 1,
                                                    "is_parallel": true,
                                                    "self": 9.649999999972181e-05,
                                                    "children": {
                                                        "_process_vector_observation": {
                                                            "total": 0.00018969999999995935,
                                                            "count": 2,
                                                            "is_parallel": true,
                                                            "self": 0.00018969999999995935
                                                        }
                                                    }
                                                },
                                                "UnityEnvironment.step": {
                                                    "total": 3098.1844038000227,
                                                    "count": 501026,
                                                    "is_parallel": true,
                                                    "self": 28.80470060010157,
                                                    "children": {
                                                        "UnityEnvironment._generate_step_input": {
                                                            "total": 54.84699440006689,
                                                            "count": 501026,
                                                            "is_parallel": true,
                                                            "self": 54.84699440006689
                                                        },
                                                        "communicator.exchange": {
                                                            "total": 2940.9891259000215,
                                                            "count": 501026,
                                                            "is_parallel": true,
                                                            "self": 2940.9891259000215
                                                        },
                                                        "steps_from_proto": {
                                                            "total": 73.54358289983293,
                                                            "count": 501026,