Steps,Policy/Entropy,Policy/Extrinsic Value Estimate,Environment/Episode Length,Self-play/ELO,Environment/Cumulative Reward,Policy/Extrinsic Reward,Is Training
10000,1.4189383,-0.29904592,698.3,1200.4579564848148,0.49999999574252535,0.49999999574252535,1.0
20000,1.419214,-0.21319298,349.5,1200.7316432945677,0.16599999759346246,0.16599999759346246,1.0
