Steps,Policy/Entropy,Policy/Extrinsic Value Estimate,Environment/Episode Length,Self-play/ELO,Environment/Cumulative Reward,Policy/Extrinsic Reward,Is Training
510000,1.4125173,1.7707088,250.6764705882353,1204.6317070688913,10.702423763997627,10.702423763997627,1.0
520000,1.4086752,1.9523253,473.1666666666667,1213.5654383461087,13.908927940364395,13.908927940364395,1.0
