{
    "name": "root",
    "metadata": {
        "timer_format_version": "0.1.0",
        "start_time_seconds": "1594401587",
        "python_version": "3.8.3 (tags/v3.8.3:6f8c832, May 13 2020, 22:37:02) [MSC v.1924 64 bit (AMD64)]",
        "command_line_arguments": "C:\\Users\\Owner\\AppData\\Local\\Programs\\Python\\Python38\\Scripts\\mlagents-learn config/ppo/player.yaml --run-id=selfPlay2 --force",
        "mlagents_version": "0.17.0",
        "mlagents_envs_version": "0.17.0",
        "communication_protocol_version": "1.0.0",
        "tensorflow_version": "2.2.0",
        "end_time_seconds": "1594401616"
    },
    "total": 29.4594922,
    "count": 1,
    "self": 0.004551300000002811,
    "children": {
        "run_training.setup": {
            "total": 0.006431399999999865,
            "count": 1,
            "self": 0.006431399999999865
        },
        "TrainerController.start_learning": {
            "total": 29.448509499999997,
            "count": 1,
            "self": 4.750862099999967,
            "children": {
                "TrainerController._reset_env": {
                    "total": 6.800502700000001,
                    "count": 1,
                    "self": 6.800502700000001
                },
                "TrainerController.advance": {
                    "total": 15.121466100000031,
                    "count": 651,
                    "self": 0.008069400000017879,
                    "children": {
                        "env_step": {
                            "total": 15.113396700000013,
                            "count": 651,
                            "self": 12.751069400000043,
                            "children": {
                                "SubprocessEnvManager._take_step": {
                                    "total": 2.3535813999999764,
                                    "count": 651,
                                    "self": 0.05530829999997522,
                                    "children": {
                                        "NNPolicy.evaluate": {
                                            "total": 2.298273100000001,
                                            "count": 1302,
                                            "self": 2.298273100000001
                                        }
                                    }
                                },
                                "workers": {
                                    "total": 0.008745899999993867,
                                    "count": 650,
                                    "self": 0.0,
                                    "children": {
                                        "worker_root": {
                                            "total": 18.82007189999995,
                                            "count": 650,
                                            "is_parallel": true,
                                            "self": 7.318239099999918,
                                            "children": {
                                                "steps_from_proto": {
                                                    "total": 0.0005959999999989307,
                                                    "count": 2,
                                                    "is_parallel": true,
                                                    "self": 0.00016189999999838278,
                                                    "children": {
                                                        "_process_vector_observation": {
                                                            "total": 0.00043410000000054794,
                                                            "count": 4,
                                                            "is_parallel": true,
                                                            "self": 0.00043410000000054794
                                                        }
                                                    }
                                                },
                                                "UnityEnvironment.step": {
                                                    "total": 11.501236800000031,
                                                    "count": 650,
                                                    "is_parallel": true,
                                                    "self": 0.07347330000003893,
                                                    "children": {
                                                        "UnityEnvironment._generate_step_input": {
                                                            "total": 0.3590503999999992,
                                                            "count": 650,
                                                            "is_parallel": true,
                                                            "self": 0.3590503999999992
                                                        },
                                                        "communicator.exchange": {
                                                            "total": 10.814351500000015,
                                                            "count": 650,
                                                            "is_parallel": true,
                                                            "self": 10.814351500000015
                                                        },
                                                        "steps_from_proto": {
                                                            "total": 0.254361599999978,
                                                            "count": 1300,
                                                            "is_parallel": true,
                                                            "self": 0.08986300000000291,
                                                            "children": {
                                                                "_process_vector_observation": {
                                                                    "total": 0.16449859999997507,
                                                                    "count": 2600,
                                                                    "is_parallel": true,
                                                                    "self": 0.16449859999997507
                                                                }
                                                            }
                                                        }
                                                    }
                                                }
                                            }
                                        }
                                    }
                                }
                            }
                        }
                    }
                },
                "trainer_threads": {
                    "total": 1.7299999999664806e-05,
                    "count": 1,
                    "self": 1.7299999999664806e-05,
                    "children": {
                        "thread_root": {
                            "total": 0.0,
                            "count": 0,
                            "is_parallel": true,
                            "self": 0.0,
                            "children": {
                                "trainer_advance": {
                                    "total": 15.740860800000018,
                                    "count": 3439,
                                    "is_parallel": true,
                                    "self": 9.466559999999944,
                                    "children": {
                                        "process_trajectory": {
                                            "total": 6.2743008000000735,
                                            "count": 3439,
                                            "is_parallel": true,