{
    "name": "root",
    "metadata": {
        "timer_format_version": "0.1.0",
        "start_time_seconds": "1594376226",
        "python_version": "3.8.3 (tags/v3.8.3:6f8c832, May 13 2020, 22:37:02) [MSC v.1924 64 bit (AMD64)]",
        "command_line_arguments": "C:\\Users\\chinhui\\AppData\\Local\\Programs\\Python\\Python38\\Scripts\\mlagents-learn config/ppo/player.yaml --run-id=selfPlay --time-scale=10 --force",
        "mlagents_version": "0.17.0",
        "mlagents_envs_version": "0.17.0",
        "communication_protocol_version": "1.0.0",
        "tensorflow_version": "2.2.0",
        "end_time_seconds": "1594376269"
    },
    "total": 42.8786651,
    "count": 1,
    "self": 0.0047448999999986086,
    "children": {
        "run_training.setup": {
            "total": 0.006746699999999883,
            "count": 1,
            "self": 0.006746699999999883
        },
        "TrainerController.start_learning": {
            "total": 42.8671735,
            "count": 1,
            "self": 4.780205299999949,
            "children": {
                "TrainerController._reset_env": {
                    "total": 18.295993199999998,
                    "count": 1,
                    "self": 18.295993199999998
                },
                "TrainerController.advance": {
                    "total": 16.97194060000005,
                    "count": 1047,
                    "self": 0.012572099999971442,
                    "children": {
                        "env_step": {
                            "total": 16.95936850000008,
                            "count": 1047,
                            "self": 13.819532000000052,
                            "children": {
                                "SubprocessEnvManager._take_step": {
                                    "total": 3.1273198999999785,
                                    "count": 1047,
                                    "self": 0.0688320999999803,
                                    "children": {
                                        "NNPolicy.evaluate": {
                                            "total": 3.058487799999998,
                                            "count": 2094,
                                            "self": 3.058487799999998
                                        }
                                    }
                                },
                                "workers": {
                                    "total": 0.012516600000047617,
                                    "count": 1046,
                                    "self": 0.0,
                                    "children": {
                                        "worker_root": {
                                            "total": 20.648670299999885,
                                            "count": 1046,
                                            "is_parallel": true,
                                            "self": 8.290205499999981,
                                            "children": {
                                                "steps_from_proto": {
                                                    "total": 0.0003089000000038311,
                                                    "count": 2,
                                                    "is_parallel": true,
                                                    "self": 0.00011150000000625937,
                                                    "children": {
                                                        "_process_vector_observation": {
                                                            "total": 0.00019739999999757174,
                                                            "count": 4,
                                                            "is_parallel": true,
                                                            "self": 0.00019739999999757174
                                                        }
                                                    }
                                                },
                                                "UnityEnvironment.step": {
                                                    "total": 12.3581558999999,
                                                    "count": 1046,
                                                    "is_parallel": true,
                                                    "self": 0.08264850000001189,
                                                    "children": {
                                                        "UnityEnvironment._generate_step_input": {
                                                            "total": 0.1930536000000025,
                                                            "count": 1046,
                                                            "is_parallel": true,
                                                            "self": 0.1930536000000025
                                                        },
                                                        "communicator.exchange": {
                                                            "total": 11.821313099999987,
                                                            "count": 1046,
                                                            "is_parallel": true,
                                                            "self": 11.821313099999987
                                                        },
                                                        "steps_from_proto": {
                                                            "total": 0.2611406999998991,
                                                            "count": 2092,
                                                            "is_parallel": true,
                                                            "self": 0.12107820000017,
                                                            "children": {
                                                                "_process_vector_observation": {
                                                                    "total": 0.14006249999972908,
                                                                    "count": 4184,
                                                                    "is_parallel": true,
                                                                    "self": 0.14006249999972908
                                                                }
                                                            }
                                                        }
                                                    }
                                                }
                                            }
                                        }
                                    }
                                }
                            }
                        }
                    }
                },
                "trainer_threads": {
                    "total": 1.780000000195514e-05,
                    "count": 1,
                    "self": 1.780000000195514e-05,
                    "children": {
                        "thread_root": {
                            "total": 0.0,
                            "count": 0,
                            "is_parallel": true,
                            "self": 0.0,
                            "children": {
                                "trainer_advance": {
                                    "total": 17.631165299999793,
                                    "count": 3927,
                                    "is_parallel": true,
                                    "self": 11.110255199999774,
                                    "children": {
                                        "process_trajectory": {
                                            "total": 6.52091010000002,
                                            "count": 3927,