{
    "name": "root",
    "gauges": {
        "PlayerBehaviour.Policy.Entropy.mean": {
            "value": 1.4018442630767822,
            "min": 1.4018442630767822,
            "max": 1.4018442630767822,
            "count": 1
        },
        "PlayerBehaviour.Policy.ExtrinsicValueEstimate.mean": {
            "value": 2.103593111038208,
            "min": 2.103593111038208,
            "max": 2.103593111038208,
            "count": 1
        },
        "PlayerBehaviour.Environment.EpisodeLength.mean": {
            "value": 203.4090909090909,
            "min": 203.4090909090909,
            "max": 203.4090909090909,
            "count": 1
        },
        "PlayerBehaviour.IsTraining.mean": {
            "value": 1.0,
            "min": 1.0,
            "max": 1.0,
            "count": 1
        }
    },
    "metadata": {
        "timer_format_version": "0.1.0",
        "start_time_seconds": "1594647007",
        "python_version": "3.8.3 (tags/v3.8.3:6f8c832, May 13 2020, 22:37:02) [MSC v.1924 64 bit (AMD64)]",
        "command_line_arguments": "C:\\Users\\chinhui\\AppData\\Local\\Programs\\Python\\Python38\\Scripts\\mlagents-learn config/ppo/player.yaml --run-id=MoveReward --resume --time-scale=1",
        "mlagents_version": "0.17.0",
        "mlagents_envs_version": "0.17.0",
        "communication_protocol_version": "1.0.0",
        "tensorflow_version": "2.2.0",
        "end_time_seconds": "1594647111"
    },
    "total": 104.458421,
    "count": 1,
    "self": 0.0045109999999937145,
    "children": {
        "run_training.setup": {
            "total": 0.007821499999999926,
            "count": 1,
            "self": 0.007821499999999926
        },
        "TrainerController.start_learning": {
            "total": 104.4460885,
            "count": 1,
            "self": 4.525258999999863,
            "children": {
                "TrainerController._reset_env": {
                    "total": 8.1532044,
                    "count": 2,
                    "self": 8.1532044
                },
                "TrainerController.advance": {
                    "total": 88.91480880000015,
                    "count": 583,
                    "self": 0.006970900000112579,
                    "children": {
                        "env_step": {
                            "total": 88.90783790000003,
                            "count": 583,
                            "self": 86.97016570000001,
                            "children": {
                                "SubprocessEnvManager._take_step": {
                                    "total": 1.9302175999999278,
                                    "count": 583,
                                    "self": 0.04857419999983037,
                                    "children": {
                                        "NNPolicy.evaluate": {
                                            "total": 1.8816434000000974,
                                            "count": 1110,
                                            "self": 1.8816434000000974
                                        }
                                    }
                                },
                                "workers": {
                                    "total": 0.007454600000093237,
                                    "count": 582,
                                    "self": 0.0,
                                    "children": {
                                        "worker_root": {
                                            "total": 92.26132179999992,
                                            "count": 582,
                                            "is_parallel": true,
                                            "self": 6.628514300000006,
                                            "children": {
                                                "steps_from_proto": {
                                                    "total": 0.0010867999999994993,
                                                    "count": 4,
                                                    "is_parallel": true,
                                                    "self": 0.0003603999999981511,
                                                    "children": {
                                                        "_process_vector_observation": {
                                                            "total": 0.0007264000000013482,
                                                            "count": 8,
                                                            "is_parallel": true,
                                                            "self": 0.0007264000000013482
                                                        }
                                                    }
                                                },
                                                "UnityEnvironment.step": {
                                                    "total": 85.63172069999992,
                                                    "count": 582,
                                                    "is_parallel": true,
                                                    "self": 0.07172509999985266,
                                                    "children": {
                                                        "UnityEnvironment._generate_step_input": {
                                                            "total": 0.4495708000000125,
                                                            "count": 582,
                                                            "is_parallel": true,
                                                            "self": 0.4495708000000125
                                                        },
                                                        "communicator.exchange": {
                                                            "total": 84.86005760000003,
                                                            "count": 582,
                                                            "is_parallel": true,
                                                            "self": 84.86005760000003
                                                        },
                                                        "steps_from_proto": {
                                                            "total": 0.2503672000000208,
                                                            "count": 1164,
                                                            "is_parallel": true,
                                                            "self": 0.08772800000015302,
                                                            "children": {
                                                                "_process_vector_observation": {
                                                                    "total": 0.16263919999986776,
                                                                    "count": 2328,
                                                                    "is_parallel": true,
                                                                    "self": 0.16263919999986776
                                                                }
                                                            }
                                                        }
                                                    }
                                                }
                                            }
                                        }
                                    }
                                }
                            }
                        }
                    }
                },
                "trainer_threads": {
                    "total": 1.9899999998074236e-05,
                    "count": 1,
                    "self": 1.9899999998074236e-05,