{
    "name": "root",
    "gauges": {
        "PlayerBehaviour.Policy.Entropy.mean": {
            "value": 1.4192140102386475,
            "min": 1.4189382791519165,
            "max": 1.4192140102386475,
            "count": 2
        },
        "PlayerBehaviour.Policy.ExtrinsicValueEstimate.mean": {
            "value": -0.21319298446178436,
            "min": -0.2990459203720093,
            "max": -0.21319298446178436,
            "count": 2
        },
        "PlayerBehaviour.Environment.EpisodeLength.mean": {
            "value": 349.5,
            "min": 349.5,
            "max": 698.3,
            "count": 2
        },
        "PlayerBehaviour.Self-play.ELO.mean": {
            "value": 1200.7316432945677,
            "min": 1200.4579564848148,
            "max": 1200.7316432945677,
            "count": 2
        },
        "PlayerBehaviour.Environment.CumulativeReward.mean": {
            "value": 0.16599999759346246,
            "min": 0.16599999759346246,
            "max": 0.49999999574252535,
            "count": 2
        },
        "PlayerBehaviour.Policy.ExtrinsicReward.mean": {
            "value": 0.16599999759346246,
            "min": 0.16599999759346246,
            "max": 0.49999999574252535,
            "count": 2
        },
        "PlayerBehaviour.IsTraining.mean": {
            "value": 1.0,
            "min": 1.0,
            "max": 1.0,
            "count": 2
        },
        "PlayerBehaviour.Losses.ValueLoss.mean": {
            "value": 0.017344040796160698,
            "min": 0.017344040796160698,
            "max": 0.017344040796160698,
            "count": 1
        },
        "PlayerBehaviour.Losses.PolicyLoss.mean": {
            "value": 0.02018778584897518,
            "min": 0.02018778584897518,
            "max": 0.02018778584897518,
            "count": 1
        },
        "PlayerBehaviour.Policy.LearningRate.mean": {
            "value": 0.00029968563467264175,
            "min": 0.00029968563467264175,
            "max": 0.00029968563467264175,
            "count": 1
        },
        "PlayerBehaviour.Policy.Epsilon.mean": {
            "value": 0.1998952329158783,
            "min": 0.1998952329158783,
            "max": 0.1998952329158783,
            "count": 1
        },
        "PlayerBehaviour.Policy.Beta.mean": {
            "value": 0.004994770511984825,
            "min": 0.004994770511984825,
            "max": 0.004994770511984825,
            "count": 1
        }
    },
    "metadata": {
        "timer_format_version": "0.1.0",
        "start_time_seconds": "1594613894",
        "python_version": "3.8.3 (tags/v3.8.3:6f8c832, May 13 2020, 22:37:02) [MSC v.1924 64 bit (AMD64)]",
        "command_line_arguments": "C:\\Users\\chinhui\\AppData\\Local\\Programs\\Python\\Python38\\Scripts\\mlagents-learn config/ppo/player.yaml --run-id=MoveReward --time-scale=1",
        "mlagents_version": "0.17.0",
        "mlagents_envs_version": "0.17.0",
        "communication_protocol_version": "1.0.0",
        "tensorflow_version": "2.2.0",
        "end_time_seconds": "1594614109"
    },
    "total": 215.14123709999998,
    "count": 1,
    "self": 0.004374299999966524,
    "children": {
        "run_training.setup": {
            "total": 0.007918699999999834,
            "count": 1,
            "self": 0.007918699999999834
        },
        "TrainerController.start_learning": {
            "total": 215.1289441,
            "count": 1,
            "self": 5.2617156000004,
            "children": {
                "TrainerController._reset_env": {
                    "total": 8.492044,
                    "count": 1,
                    "self": 8.492044
                },
                "TrainerController.advance": {
                    "total": 198.40939049999963,
                    "count": 1617,
                    "self": 0.01868389999967235,
                    "children": {
                        "env_step": {
                            "total": 198.39070659999996,
                            "count": 1617,
                            "self": 193.4890503,
                            "children": {
                                "SubprocessEnvManager._take_step": {
                                    "total": 4.880710000000123,
                                    "count": 1617,
                                    "self": 0.1319322999998196,
                                    "children": {
                                        "NNPolicy.evaluate": {
                                            "total": 4.7487777000003035,
                                            "count": 3226,
                                            "self": 4.7487777000003035
                                        }
                                    }
                                },
                                "workers": {
                                    "total": 0.020946299999840434,
                                    "count": 1616,
                                    "self": 0.0,
                                    "children": {
                                        "worker_root": {
                                            "total": 202.5231171999995,
                                            "count": 1616,
                                            "is_parallel": true,
                                            "self": 12.515619499999445,
                                            "children": {
                                                "steps_from_proto": {
                                                    "total": 0.0004717000000002969,
                                                    "count": 2,
                                                    "is_parallel": true,
                                                    "self": 0.000166699999999409,
                                                    "children": {
                                                        "_process_vector_observation": {
                                                            "total": 0.0003050000000008879,
                                                            "count": 4,
                                                            "is_parallel": true,
                                                            "self": 0.0003050000000008879
                                                        }
                                                    }
                                                },
                                                "UnityEnvironment.step": {
                                                    "total": 190.00702600000005,
                                                    "count": 1616,
                                                    "is_parallel": true,
                                                    "self": 0.19382660000019314,
                                                    "children": {
                                                        "UnityEnvironment._generate_step_input": {
                                                            "total": 1.2812839999994594,
                                                            "count": 1616,
                                                            "is_parallel": true,
                                                            "self": 1.2812839999994594
                                                        },
                                                        "communicator.exchange": {
                                                            "total": 187.84720289999993,
                                                            "count": 1616,
                                                            "is_parallel": true,
                                                            "self": 187.84720289999993
                                                        },