{
    "name": "root",
    "gauges": {
        "PlayerBehaviour.Policy.Entropy.mean": {
            "value": 1.4134222269058228,
            "min": 1.4134222269058228,
            "max": 1.4296379089355469,
            "count": 10
        },
        "PlayerBehaviour.Policy.ExtrinsicValueEstimate.mean": {
            "value": 7.608614921569824,
            "min": -0.6677480340003967,
            "max": 7.608614921569824,
            "count": 10
        },
        "PlayerBehaviour.Environment.EpisodeLength.mean": {
            "value": 167.5627118644068,
            "min": 165.98338870431894,
            "max": 307.05732484076435,
            "count": 10
        },
        "PlayerBehaviour.Environment.CumulativeReward.mean": {
            "value": 30.044341829267598,
            "min": 14.87584516083359,
            "max": 30.044341829267598,
            "count": 10
        },
        "PlayerBehaviour.Policy.ExtrinsicReward.mean": {
            "value": 30.044341829267598,
            "min": 14.87584516083359,
            "max": 30.044341829267598,
            "count": 10
        },
        "PlayerBehaviour.Losses.ValueLoss.mean": {
            "value": 4.031161308288574,
            "min": 2.3975894451141357,
            "max": 4.031161308288574,
            "count": 10
        },
        "PlayerBehaviour.Losses.PolicyLoss.mean": {
            "value": 0.021439166739583015,
            "min": 0.01983686536550522,
            "max": 0.02620372362434864,
            "count": 10
        },
        "PlayerBehaviour.Policy.LearningRate.mean": {
            "value": 1.6430862160632387e-05,
            "min": 1.6430862160632387e-05,
            "max": 0.0002846085117198527,
            "count": 10
        },
        "PlayerBehaviour.Policy.Epsilon.mean": {
            "value": 0.10547693073749542,
            "min": 0.10547693073749542,
            "max": 0.1948695033788681,
            "count": 10
        },
        "PlayerBehaviour.Policy.Beta.mean": {
            "value": 0.00028329837368801236,
            "min": 0.00028329837368801236,
            "max": 0.004743988625705242,
            "count": 10
        },
        "PlayerBehaviour.IsTraining.mean": {
            "value": 1.0,
            "min": 1.0,
            "max": 1.0,
            "count": 10
        }
    },
    "metadata": {
        "timer_format_version": "0.1.0",
        "start_time_seconds": "1594261058",
        "python_version": "3.8.3 (tags/v3.8.3:6f8c832, May 13 2020, 22:37:02) [MSC v.1924 64 bit (AMD64)]",
        "command_line_arguments": "C:\\Users\\chinhui\\AppData\\Local\\Programs\\Python\\Python38\\Scripts\\mlagents-learn config/ppo/player.yaml --run-id=4 --time-scale=10",
        "mlagents_version": "0.17.0",
        "mlagents_envs_version": "0.17.0",
        "communication_protocol_version": "1.0.0",
        "tensorflow_version": "2.2.0",
        "end_time_seconds": "1594262208"
    },
    "total": 1149.4734835000002,
    "count": 1,
    "self": 0.3174538000000666,
    "children": {
        "run_training.setup": {
            "total": 0.024946400000000146,
            "count": 1,
            "self": 0.024946400000000146
        },
        "TrainerController.start_learning": {
            "total": 1149.1310833,
            "count": 1,
            "self": 22.7509180999848,
            "children": {
                "TrainerController._reset_env": {
                    "total": 11.1499804,
                    "count": 1,
                    "self": 11.1499804
                },
                "TrainerController.advance": {
                    "total": 1114.134004000015,
                    "count": 57100,
                    "self": 0.567738600030907,
                    "children": {
                        "env_step": {
                            "total": 1113.566265399984,
                            "count": 57100,
                            "self": 1077.883679799991,
                            "children": {
                                "SubprocessEnvManager._take_step": {
                                    "total": 34.97642179999523,
                                    "count": 57100,
                                    "self": 1.6545037999849441,
                                    "children": {
                                        "NNPolicy.evaluate": {
                                            "total": 33.321918000010285,
                                            "count": 55595,
                                            "self": 33.321918000010285
                                        }
                                    }
                                },
                                "workers": {
                                    "total": 0.7061637999979489,
                                    "count": 57100,
                                    "self": 0.0,
                                    "children": {
                                        "worker_root": {
                                            "total": 1134.959134100021,
                                            "count": 57100,
                                            "is_parallel": true,
                                            "self": 137.01213540002982,
                                            "children": {
                                                "steps_from_proto": {
                                                    "total": 0.00039630000000023813,
                                                    "count": 1,
                                                    "is_parallel": true,
                                                    "self": 0.00015499999999946112,
                                                    "children": {
                                                        "_process_vector_observation": {
                                                            "total": 0.000241300000000777,
                                                            "count": 2,
                                                            "is_parallel": true,
                                                            "self": 0.000241300000000777
                                                        }
                                                    }
                                                },
                                                "UnityEnvironment.step": {
                                                    "total": 997.9466023999911,
                                                    "count": 57100,
                                                    "is_parallel": true,
                                                    "self": 3.9022212000228365,
                                                    "children": {
                                                        "UnityEnvironment._generate_step_input": {
                                                            "total": 15.453851799996212,
                                                            "count": 57100,
                                                            "is_parallel": true,
                                                            "self": 15.453851799996212
                                                        },
                                                        "communicator.exchange": {
                                                            "total": 966.7977220999876,
                                                            "count": 57100,
                                                            "is_parallel": true,
                                                            "self": 966.7977220999876
                                                        },
                                                        "steps_from_proto": {
                                                            "total": 11.792807299984439,
                                                            "count": 57100,