{"count":1,"self":468.41983999999997,"total":2554.4092499999997,"children":{"AgentSendState":{"count":512401,"self":35.07888,"total":684.4328714,"children":{"CollectObservations":{"count":1844712,"self":6.4277039999999994,"total":6.4277041,"children":null},"CollectDiscreteActionMasks":{"count":1844712,"self":2.5724329999999997,"total":2.5724329999999997,"children":null},"AgentInfo.ToProto":{"count":1844712,"self":13.6981632,"total":640.3538552,"children":{"GenerateSensorData":{"count":1844712,"self":626.6556928,"total":626.6556925,"children":null}}}}},"DecideAction":{"count":512401,"self":1354.8730368,"total":1354.8730444999999,"children":null},"AgentAct":{"count":512401,"self":46.257635199999996,"total":46.6804981,"children":{"AgentInfo.ToProto":{"count":1240,"self":0.0079795,"total":0.42286179999999995,"children":{"GenerateSensorData":{"count":1240,"self":0.4148823,"total":0.4148823,"children":null}}}}},"AgentInfo.ToProto":{"count":6,"self":0,"total":0.0019949,"children":{"GenerateSensorData":{"count":6,"self":0.0019949,"total":0.0019949,"children":null}}}},"gauges":{"Player Behaviour.CumulativeReward":{"count":1246,"max":1159.59692,"min":-78.91553,"runningAverage":187.754364,"value":529.594543,"weightedAverage":584.0543}},"metadata":{"timer_format_version":"0.1.0","start_time_seconds":"1594386733","unity_version":"2019.3.13f1","command_line_arguments":"C:\\Program Files\\Unity\\Hub\\Editor\\2019.3.13f1\\Editor\\Unity.exe -projectpath C:\/Users\/Owner\/Documents\/GitHub\/Til-Kingdom-Come\/Til Kingdom Come -useHub -hubIPC -cloudEnvironment production -hubSessionId 52217f50-c2a9-11ea-8686-73d7d75e890a","communication_protocol_version":"1.0.0","com.unity.ml-agents_version":"1.0.2","scene_name":"AI Trainer","end_time_seconds":"1594389287"}}