{"count":1,"self":674.7072,"total":803.84264569999993,"children":{"AgentSendState":{"count":25943,"self":2.4022867999999997,"total":4.6552491,"children":{"CollectObservations":{"count":155700,"self":0.5076451,"total":0.5076451,"children":null},"CollectDiscreteActionMasks":{"count":155700,"self":0.23261169999999998,"total":0.23261169999999998,"children":null},"AgentInfo.ToProto":{"count":155700,"self":0.7697495,"total":1.5127055999999999,"children":{"GenerateSensorData":{"count":155700,"self":0.7429561,"total":0.7429561,"children":null}}}}},"DecideAction":{"count":25943,"self":97.604064,"total":97.6040652,"children":null},"AgentAct":{"count":25943,"self":26.868479999999998,"total":26.8704754,"children":{"AgentInfo.ToProto":{"count":105,"self":0.0009966,"total":0.001994,"children":{"GenerateSensorData":{"count":105,"self":0.00099739999999999985,"total":0.00099739999999999985,"children":null}}}}},"AgentInfo.ToProto":{"count":278,"self":0.00066429999999999994,"total":0.0036561,"children":{"GenerateSensorData":{"count":278,"self":0.0029917999999999998,"total":0.0029917999999999998,"children":null}}}},"gauges":{"Player Behaviour.CumulativeReward":{"count":383,"max":3,"min":-5.38400841,"runningAverage":-0.530414343,"value":-3.834993,"weightedAverage":-2.13539124}},"metadata":{"timer_format_version":"0.1.0","start_time_seconds":"1594747121","unity_version":"2019.3.13f1","command_line_arguments":"C:\\Program Files\\Unity\\Hub\\Editor\\2019.3.13f1\\Editor\\Unity.exe -projectpath C:\/Users\/chinhui\/Documents\/GitHub\/Til-Kingdom-Come\/Til Kingdom Come -logfile NUL -useHub -hubIPC -cloudEnvironment production -hubSessionId 4fd73f00-c50b-11ea-9ac3-f1ba2b7d1bb5 -accessToken ynrCBz874_QtNMDQxIQ65hGTrlwJS5l2_53Mq107vb0011f","communication_protocol_version":"1.0.0","com.unity.ml-agents_version":"1.0.2","scene_name":"AI Trainer","end_time_seconds":"1594747925"}}