Steps,Policy/Entropy,Policy/Extrinsic Value Estimate,Environment/Episode Length,Self-play/ELO,Environment/Cumulative Reward,Policy/Extrinsic Reward,Is Training
3770000,1.4702575,-0.022808813,254.9375,1202.7770122452155,1.3912499942816794,1.3912499942816794,1.0
3780000,1.4704038,-0.033823688,413.265306122449,1205.5233628776489,-0.7949412075994426,-0.7949412075994426,1.0
3790000,1.470632,-0.054003086,412.78,1208.3597776858198,-0.6065000338096391,-0.6065000338096391,1.0
3800000,1.4712396,-0.052027967,382.4339622641509,1212.55655008902,0.3137435896369891,0.3137435896369891,1.0
3810000,1.4718086,-0.019833796,392.8333333333333,1220.83005535707,1.3285454494850428,1.3285454494850428,1.0
3820000,1.4730597,0.021099059,388.9259259259259,1227.240639306392,-0.19894738120370006,-0.19894738120370006,1.0
3830000,1.4731088,0.030006144,374.7692307692308,1226.4121159559502,-0.21234213261509707,-0.21234213261509707,1.0
3840000,1.4720953,-0.0032516033,394.77358490566036,1227.0386256710283,0.2639473271433656,0.2639473271433656,1.0
