{
    "name": "root",
    "metadata": {
        "timer_format_version": "0.1.0",
        "start_time_seconds": "1594828779",
        "python_version": "3.8.3 (tags/v3.8.3:6f8c832, May 13 2020, 22:37:02) [MSC v.1924 64 bit (AMD64)]",
        "command_line_arguments": "C:\\Users\\chinhui\\AppData\\Local\\Programs\\Python\\Python38\\Scripts\\mlagents-learn config/ppo/player.yaml --run-id=HealthObservation --time-scale=1",
        "mlagents_version": "0.17.0",
        "mlagents_envs_version": "0.17.0",
        "communication_protocol_version": "1.0.0",
        "tensorflow_version": "2.2.0",
        "end_time_seconds": "1594828935"
    },
    "total": 155.865476,
    "count": 1,
    "self": 0.005112699999983761,
    "children": {
        "run_training.setup": {
            "total": 0.017253900000000044,
            "count": 1,
            "self": 0.017253900000000044
        },
        "TrainerController.start_learning": {
            "total": 155.8431094,
            "count": 1,
            "self": 7.251572200000027,
            "children": {
                "TrainerController._reset_env": {
                    "total": 11.779212599999997,
                    "count": 1,
                    "self": 11.779212599999997
                },
                "TrainerController.advance": {
                    "total": 133.7937512,
                    "count": 495,
                    "self": 0.005874400000038804,
                    "children": {
                        "env_step": {
                            "total": 133.78787679999996,
                            "count": 495,
                            "self": 131.6900520000001,
                            "children": {
                                "SubprocessEnvManager._take_step": {
                                    "total": 2.0914820999999577,
                                    "count": 495,
                                    "self": 0.04073320000010838,
                                    "children": {
                                        "NNPolicy.evaluate": {
                                            "total": 2.0507488999998493,
                                            "count": 952,
                                            "self": 2.0507488999998493
                                        }
                                    }
                                },
                                "workers": {
                                    "total": 0.006342699999919432,
                                    "count": 494,
                                    "self": 0.0,
                                    "children": {
                                        "worker_root": {
                                            "total": 139.75258020000024,
                                            "count": 494,
                                            "is_parallel": true,
                                            "self": 9.25444560000031,
                                            "children": {
                                                "steps_from_proto": {
                                                    "total": 0.0005749999999995481,
                                                    "count": 2,
                                                    "is_parallel": true,
                                                    "self": 0.00015430000000016264,
                                                    "children": {
                                                        "_process_vector_observation": {
                                                            "total": 0.00042069999999938545,
                                                            "count": 4,
                                                            "is_parallel": true,
                                                            "self": 0.00042069999999938545
                                                        }
                                                    }
                                                },
                                                "UnityEnvironment.step": {
                                                    "total": 130.49755959999993,
                                                    "count": 494,
                                                    "is_parallel": true,
                                                    "self": 0.060647999999417834,
                                                    "children": {
                                                        "UnityEnvironment._generate_step_input": {
                                                            "total": 0.38915959999982164,
                                                            "count": 494,
                                                            "is_parallel": true,
                                                            "self": 0.38915959999982164
                                                        },
                                                        "communicator.exchange": {
                                                            "total": 129.82684500000036,
                                                            "count": 494,
                                                            "is_parallel": true,
                                                            "self": 129.82684500000036
                                                        },
                                                        "steps_from_proto": {
                                                            "total": 0.2209070000003308,
                                                            "count": 988,
                                                            "is_parallel": true,
                                                            "self": 0.07438470000023045,
                                                            "children": {
                                                                "_process_vector_observation": {
                                                                    "total": 0.14652230000010036,
                                                                    "count": 1976,
                                                                    "is_parallel": true,
                                                                    "self": 0.14652230000010036
                                                                }
                                                            }
                                                        }
                                                    }
                                                }
                                            }
                                        }
                                    }
                                }
                            }
                        }
                    }
                },
                "trainer_threads": {
                    "total": 1.629999999863685e-05,
                    "count": 1,
                    "self": 1.629999999863685e-05,
                    "children": {
                        "thread_root": {
                            "total": 0.0,
                            "count": 0,
                            "is_parallel": true,
                            "self": 0.0,
                            "children": {
                                "trainer_advance": {
                                    "total": 133.79480480000035,
                                    "count": 30041,
                                    "is_parallel": true,
                                    "self": 84.90771090000041,
                                    "children": {
                                        "process_trajectory": {
                                            "total": 48.88709389999993,
                                            "count": 30041,