{
    "name": "root",
    "gauges": {
        "PlayerBehaviour.Policy.Entropy.mean": {
            "value": 1.4255698919296265,
            "min": 1.4255698919296265,
            "max": 1.4255698919296265,
            "count": 1
        },
        "PlayerBehaviour.Policy.ExtrinsicValueEstimate.mean": {
            "value": 0.3631708323955536,
            "min": 0.3631708323955536,
            "max": 0.3631708323955536,
            "count": 1
        },
        "PlayerBehaviour.Environment.EpisodeLength.mean": {
            "value": 322.07284768211923,
            "min": 322.07284768211923,
            "max": 322.07284768211923,
            "count": 1
        },
        "PlayerBehaviour.Environment.CumulativeReward.mean": {
            "value": 14.087446581152891,
            "min": 14.087446581152891,
            "max": 14.087446581152891,
            "count": 1
        },
        "PlayerBehaviour.Policy.ExtrinsicReward.mean": {
            "value": 14.087446581152891,
            "min": 14.087446581152891,
            "max": 14.087446581152891,
            "count": 1
        },
        "PlayerBehaviour.Losses.ValueLoss.mean": {
            "value": 1.518402099609375,
            "min": 1.518402099609375,
            "max": 1.518402099609375,
            "count": 1
        },
        "PlayerBehaviour.Losses.PolicyLoss.mean": {
            "value": 0.02445833571255207,
            "min": 0.02445833571255207,
            "max": 0.02445833571255207,
            "count": 1
        },
        "PlayerBehaviour.Policy.LearningRate.mean": {
            "value": 0.00028459817986004055,
            "min": 0.00028459817986004055,
            "max": 0.00028459817986004055,
            "count": 1
        },
        "PlayerBehaviour.Policy.Epsilon.mean": {
            "value": 0.19486604630947113,
            "min": 0.19486604630947113,
            "max": 0.19486604630947113,
            "count": 1
        },
        "PlayerBehaviour.Policy.Beta.mean": {
            "value": 0.004743815399706364,
            "min": 0.004743815399706364,
            "max": 0.004743815399706364,
            "count": 1
        },
        "PlayerBehaviour.IsTraining.mean": {
            "value": 1.0,
            "min": 1.0,
            "max": 1.0,
            "count": 1
        }
    },
    "metadata": {
        "timer_format_version": "0.1.0",
        "start_time_seconds": "1594229067",
        "python_version": "3.8.3 (tags/v3.8.3:6f8c832, May 13 2020, 22:37:02) [MSC v.1924 64 bit (AMD64)]",
        "command_line_arguments": "C:\\Users\\chinhui\\AppData\\Local\\Programs\\Python\\Python38\\Scripts\\mlagents-learn config/ppo/player.yaml --run-id=2 --force --time-scale=10",
        "mlagents_version": "0.17.0",
        "mlagents_envs_version": "0.17.0",
        "communication_protocol_version": "1.0.0",
        "tensorflow_version": "2.2.0",
        "end_time_seconds": "1594229530"
    },
    "total": 463.5038375,
    "count": 1,
    "self": 0.00643379999996796,
    "children": {
        "run_training.setup": {
            "total": 0.007056700000000138,
            "count": 1,
            "self": 0.007056700000000138
        },
        "TrainerController.start_learning": {
            "total": 463.490347,
            "count": 1,
            "self": 6.300862999998515,
            "children": {
                "TrainerController._reset_env": {
                    "total": 11.1067093,
                    "count": 1,
                    "self": 11.1067093
                },
                "TrainerController.advance": {
                    "total": 444.2811782000015,
                    "count": 10951,
                    "self": 0.1352970000008895,
                    "children": {
                        "env_step": {
                            "total": 444.1458812000006,
                            "count": 10951,
                            "self": 436.59438210000116,
                            "children": {
                                "SubprocessEnvManager._take_step": {
                                    "total": 7.401793800000021,
                                    "count": 10951,
                                    "self": 0.37459570000108044,
                                    "children": {
                                        "NNPolicy.evaluate": {
                                            "total": 7.027198099998941,
                                            "count": 10771,
                                            "self": 7.027198099998941
                                        }
                                    }
                                },
                                "workers": {
                                    "total": 0.1497052999994093,
                                    "count": 10950,
                                    "self": 0.0,
                                    "children": {
                                        "worker_root": {
                                            "total": 449.6368979000007,
                                            "count": 10950,
                                            "is_parallel": true,
                                            "self": 29.720119799998827,
                                            "children": {
                                                "steps_from_proto": {
                                                    "total": 0.00028479999999930783,
                                                    "count": 1,
                                                    "is_parallel": true,
                                                    "self": 8.929999999729432e-05,
                                                    "children": {
                                                        "_process_vector_observation": {
                                                            "total": 0.0001955000000020135,
                                                            "count": 2,
                                                            "is_parallel": true,
                                                            "self": 0.0001955000000020135
                                                        }
                                                    }
                                                },
                                                "UnityEnvironment.step": {
                                                    "total": 419.9164933000019,
                                                    "count": 10950,
                                                    "is_parallel": true,
                                                    "self": 0.86099000000047,
                                                    "children": {
                                                        "UnityEnvironment._generate_step_input": {
                                                            "total": 3.321622299999957,
                                                            "count": 10950,
                                                            "is_parallel": true,
                                                            "self": 3.321622299999957
                                                        },
                                                        "communicator.exchange": {
                                                            "total": 413.44549580000046,
                                                            "count": 10950,
                                                            "is_parallel": true,
                                                            "self": 413.44549580000046
                                                        },
                                                        "steps_from_proto": {
                                                            "total": 2.2883852000010094,
                                                            "count": 10950,