Steps,Policy/Extrinsic Value Estimate,Policy/Entropy,Losses/Value Loss,Losses/Policy Loss,Policy/Learning Rate,Policy/Epsilon,Policy/Beta,Environment/Episode Length,Self-play/ELO,Environment/Cumulative Reward,Policy/Extrinsic Reward,Is Training
20000,-8.132792,1.4161599,3.6386,0.02584972,0.000299689,0.19989632,0.0049948255,1391.0555555555557,1198.5076556044412,-33.09733602239026,-33.09733602239026,1.0
30000,-5.60981,1.415122,3.8413064,0.024210015,0.0002993805,0.19979349,0.0049896967,1399.0,1194.097311812925,-34.5101137045357,-34.5101137045357,1.0
